<?xml version="1.0" encoding="utf-8"?>
<layer-list xmlns:android="http://schemas.android.com/apk/res/android">
    <!-- Shadow effect -->
    <item>
        <shape android:shape="rectangle">
            <corners android:radius="16dp" />
            <solid android:color="#223B7B" />
        </shape>
    </item>
    <!-- Card Background -->
    <item android:top="2dp" android:bottom="2dp" android:left="2dp" android:right="2dp">
        <shape android:shape="rectangle">
            <solid android:color="#446DF6" />
            <corners android:radius="16dp" />
        </shape>
    </item>
</layer-list>
