<layer-list xmlns:android="http://schemas.android.com/apk/res/android">

    <!-- Background color -->
    <item>
        <shape android:shape="rectangle">
            <solid android:color="#DDDDDD"/> <!-- Gray background for the progress bar -->
        </shape>
    </item>

    <!-- Progress color with gradient -->
    <item android:id="@android:id/progress">
        <clip>
            <shape android:shape="rectangle">
                <gradient
                    android:startColor="#FF5722"
                android:endColor="#FFEB3B"
                android:angle="270"/>
            </shape>
        </clip>
    </item>
</layer-list>
