<?xml version="1.0" encoding="utf-8"?>
<selector xmlns:android="http://schemas.android.com/apk/res/android">
    <item android:state_enabled="true">
        <shape android:shape="rectangle">
            <solid android:color="@android:color/transparent" />
            <stroke android:width="2dp" android:color="#4CAF50" />
            <corners android:radius="4dp" />
        </shape>
    </item>
    <item android:state_pressed="true">
        <shape android:shape="rectangle">
            <solid android:color="#4CAF50" />
            <stroke android:width="2dp" android:color="#4CAF50" />
            <corners android:radius="4dp" />
        </shape>
    </item>
</selector>
